Global Company Key,Company Name,Page Found On
1010,ACF INDUSTRIES INC,NA
1013,ADC TELECOMMUNICATIONS INC,1
1038,AMC ENTERTAINMENT INC -OLD,NA
1045,AMERICAN AIRLINES GROUP INC,1
1078,ABBOTT LABORATORIES,1
1078,ABBOTT LABORATORIES,2
1078,ABBOTT LABORATORIES,3
1078,ABBOTT LABORATORIES,4
1078,ABBOTT LABORATORIES,5
1078,ABBOTT LABORATORIES,6
1078,ABBOTT LABORATORIES,7
1078,ABBOTT LABORATORIES,8
1078,ABBOTT LABORATORIES,9
1078,ABBOTT LABORATORIES,10
1107,ACE HARDWARE CORP,1
1121,ADAMS RESOURCES & ENERGY INC,1
1161,ADVANCED MICRO DEVICES,1
1161,ADVANCED MICRO DEVICES,2
1161,ADVANCED MICRO DEVICES,3
1161,ADVANCED MICRO DEVICES,4
1164,MCI INC,1
1193,AGWAY INC,1
1193,AGWAY INC,2
1193,AGWAY INC,3
1194,AHMANSON (H F) & CO,1
1209,AIR PRODUCTS & CHEMICALS INC,1
1209,AIR PRODUCTS & CHEMICALS INC,2
1209,AIR PRODUCTS & CHEMICALS INC,3
1209,AIR PRODUCTS & CHEMICALS INC,TL
1230,ALASKA AIR GROUP INC,1
1239,ALBERTO-CULVER CO,NA
1240,ALBERTSON'S INC,TL
1246,IKON OFFICE SOLUTIONS,1
1246,IKON OFFICE SOLUTIONS,2
1297,ALLIED PRODUCTS,1
1297,ALLIED PRODUCTS,2
1297,ALLIED PRODUCTS,3
1297,ALLIED PRODUCTS,4
1297,ALLIED PRODUCTS,5
1300,HONEYWELL INTERNATIONAL INC,1
1300,HONEYWELL INTERNATIONAL INC,2
1300,HONEYWELL INTERNATIONAL INC,TL
1300,HONEYWELL INTERNATIONAL INC,4
1308,ALLIS-CHALMERS ENERGY INC,1
1318,ALLTEL CORP,1
1318,ALLTEL CORP,2
1318,ALLTEL CORP,3
1356,ALCOA INC,TL
1380,HESS CORP,1
1380,HESS CORP,TL
1380,HESS CORP,3
1380,HESS CORP,4
1382,US AIRWAYS GROUP INC,1
1392,AMDAHL CORP,1
1397,AMERICAN BILTRITE INC,1
1397,AMERICAN BILTRITE INC,2
1410,ABM INDUSTRIES INC,1
1468,AMERICAN GREETINGS  -CL A,NA
1478,WYETH,1
1478,WYETH,2
1478,WYETH,3
1478,WYETH,4
1478,WYETH,5
1485,AMERITECH CORP,1
1537,FINA INC  -CL A,NA
1573,AMERICAN STORES CO,1
1594,AMES DEPT STORES INC,NA
1598,AMETEK INC,TL
1602,AMGEN INC,1
1602,AMGEN INC,2
1602,AMGEN INC,3
1608,AMP INC,1
1608,AMP INC,TL
1609,AMOCO CORP,1
1609,AMOCO CORP,2
1613,AMPCO-PITTSBURGH CORP,1
1627,ANACOMP INC,1
1632,ANALOG DEVICES INC,1
1632,ANALOG DEVICES INC,2
1632,ANALOG DEVICES INC,TL
1659,ANDERSONS INC,1
1663,ANHEUSER-BUSCH COS INC,1
1663,ANHEUSER-BUSCH COS INC,2
1663,ANHEUSER-BUSCH COS INC,3
1678,APA CORP,1
1678,APA CORP,2
1690,APPLE INC,1
1690,APPLE INC,2
1690,APPLE INC,3
1690,APPLE INC,TL
1704,APPLIED MATERIALS INC,1
1722,ARCHER-DANIELS-MIDLAND CO,NA
1755,ARMCO INC,1
1762,ARMSTRONG HOLDINGS INC,1
1773,ARROW ELECTRONICS INC,1
1773,ARROW ELECTRONICS INC,2
1786,ARVIN INDUSTRIES INC,TL
1789,ASARCO INC,TL
1789,ASARCO INC,2
1794,ASHLAND INC,1
1794,ASHLAND INC,2
1794,ASHLAND INC,TL
1848,ATLANTIC RICHFIELD CO,1
1848,ATLANTIC RICHFIELD CO,2
1891,AUTOMATIC DATA PROCESSING,1
1891,AUTOMATIC DATA PROCESSING,2
1891,AUTOMATIC DATA PROCESSING,TL
1913,AVERY DENNISON CORP,1
1913,AVERY DENNISON CORP,2
1913,AVERY DENNISON CORP,3
1913,AVERY DENNISON CORP,4
1919,AVNET INC,1
1919,AVNET INC,2
1919,AVNET INC,3
1920,AVON PRODUCTS,1
1920,AVON PRODUCTS,2
1920,AVON PRODUCTS,3
1920,AVON PRODUCTS,4
1920,AVON PRODUCTS,TL
1920,AVON PRODUCTS,6
1953,CERPLEX GROUP INC,NA
1968,BADGER METER INC,1
1969,BADGER PAPER MILLS INC,1
1971,BAIRNCO CORP,1
1976,BAKER HUGHES INC,TL
1988,BALL CORP,1
1988,BALL CORP,2
2008,BANDAG INC,1
2033,FAIRCHILD CORP  -CL A,NA
2034,BANTA CORP,1
2044,BARD (C.R.) INC,1
2049,BARNES GROUP INC,1
2049,BARNES GROUP INC,2
2049,BARNES GROUP INC,3
2049,BARNES GROUP INC,4
2080,BASSETT FURNITURE INDS,NA
2085,BAUSCH & LOMB HLDGS  -REDH,NA
2086,BAXTER INTERNATIONAL INC,1
2086,BAXTER INTERNATIONAL INC,2
2086,BAXTER INTERNATIONAL INC,TL
2086,BAXTER INTERNATIONAL INC,4
2111,BECTON DICKINSON & CO,1
2111,BECTON DICKINSON & CO,2
2111,BECTON DICKINSON & CO,3
2111,BECTON DICKINSON & CO,4
2111,BECTON DICKINSON & CO,5
2136,VERIZON COMMUNICATIONS INC,1
2136,VERIZON COMMUNICATIONS INC,TL
2136,VERIZON COMMUNICATIONS INC,3
2136,VERIZON COMMUNICATIONS INC,4
2146,BELLSOUTH CORP,1
2154,BEMIS CO INC,1
2154,BEMIS CO INC,2
2169,BERGEN BRUNSWIG CORP  -CL A,NA
2184,BEST BUY CO INC,1
2189,BETHLEHEM STEEL CORP,1
2189,BETHLEHEM STEEL CORP,2
2189,BETHLEHEM STEEL CORP,3
2193,BEVERLY ENTERPRISES INC,1
2213,BINDLEY WESTERN INDS,NA
2239,BIRD CORP,NA
2255,BLACK & DECKER CORP,1
2255,BLACK & DECKER CORP,2
2255,BLACK & DECKER CORP,3
2267,BLOCK DRUG  -CL A,NA
2271,BLOUNT INTL INC,NA
2285,BOEING CO,1
2290,OFFICEMAX INC,1
2290,OFFICEMAX INC,2
2290,OFFICEMAX INC,3
2312,ROBERT HALF INTL INC,NA
2316,HEXION INC,NA
2338,REXAM PLC,1
2338,REXAM PLC,2
2338,REXAM PLC,3
2338,REXAM PLC,SK
2393,BRIGGS & STRATTON,1
2393,BRIGGS & STRATTON,2
2393,BRIGGS & STRATTON,3
2393,BRIGGS & STRATTON,4
2393,BRIGGS & STRATTON,5
2403,BRISTOL-MYERS SQUIBB CO,TL
2403,BRISTOL-MYERS SQUIBB CO,2
2435,BROWN FORMAN CORP,1
2435,BROWN FORMAN CORP,2
2436,CALERES INC,1
2436,CALERES INC,2
2436,CALERES INC,3
2443,BRUNOS INC,NA
2444,BRUNSWICK CORP,1
2444,BRUNSWICK CORP,2
2497,MASTEC INC,1
2504,UNISYS CORP,TL
2504,UNISYS CORP,2
2504,UNISYS CORP,3
2504,UNISYS CORP,4
2518,BUTLER MFG CO,NA
2593,CABOT CORP,1
2593,CABOT CORP,2
2597,CADBURY PLC,TL
2597,CADBURY PLC,2
2597,CADBURY PLC,4
2597,CADBURY PLC,5
2633,CALMAT CO,1
2663,CAMPBELL SOUP CO,1
2663,CAMPBELL SOUP CO,TL
2663,CAMPBELL SOUP CO,3
2663,CAMPBELL SOUP CO,4
2710,CONSTELLATION BRANDS,SK
2751,CARDINAL HEALTH INC,1
2751,CARDINAL HEALTH INC,2
2751,CARDINAL HEALTH INC,3
2771,CARLISLE COS INC,NA
2787,CARPENTER TECHNOLOGY CORP,1
2797,CARTER-WALLACE INC,1
2807,CASEYS GENERAL STORES INC,NA
2812,DOLE FOOD CO INC,1
2817,CATERPILLAR INC,TL
2817,CATERPILLAR INC,3
2817,CATERPILLAR INC,4
2817,CATERPILLAR INC,5
2817,CATERPILLAR INC,6
2845,CENTEX CORP,1
2845,CENTEX CORP,2
2845,CENTEX CORP,3
2872,EKCO GROUP INC,1
2884,LUMEN TECHNOLOGIES INC,1
2884,LUMEN TECHNOLOGIES INC,2
2916,CHAMPION ENTERPRISES INC,1
2917,CHAMPION INTERNATIONAL CORP,1
2917,CHAMPION INTERNATIONAL CORP,2
2917,CHAMPION INTERNATIONAL CORP,3
2960,CHEMED CORP,1
2960,CHEMED CORP,2
2960,CHEMED CORP,3
2982,CHESAPEAKE CORP,1
2982,CHESAPEAKE CORP,2
2982,CHESAPEAKE CORP,3
2982,CHESAPEAKE CORP,4
2982,CHESAPEAKE CORP,5
2982,CHESAPEAKE CORP,6
2991,CHEVRON CORP,TL
3007,BRINKER INTL INC,NA
3015,CHRIS-CRAFT INDS,NA
3041,MILACRON INC,1
3041,MILACRON INC,2
3041,MILACRON INC,TL
3054,CIRCUIT CITY STORES INC,1
3054,CIRCUIT CITY STORES INC,2
3054,CIRCUIT CITY STORES INC,3
3062,CINTAS CORP,NA
3105,IHEARTMEDIA INC,NA
3107,CLEVELAND-CLIFFS INC,1
3107,CLEVELAND-CLIFFS INC,2
3121,CLOROX CO/DE,SK
3126,ALL AMERICAN GROUP INC,1
3138,COCA COLA CONSOLIDATED INC,1
3138,COCA COLA CONSOLIDATED INC,2
3144,COCA-COLA CO,1
3144,COCA-COLA CO,2
3144,COCA-COLA CO,3
3144,COCA-COLA CO,4
3144,COCA-COLA CO,5
3144,COCA-COLA CO,6
3170,COLGATE-PALMOLIVE CO,1
3170,COLGATE-PALMOLIVE CO,2
3170,COLGATE-PALMOLIVE CO,3
3170,COLGATE-PALMOLIVE CO,4
3176,COLLINS & AIKMAN CORP  -OLD,1
3200,COLTEC INDUSTRIES,1
3226,COMCAST CORP,1
3226,COMCAST CORP,TL
3226,COMCAST CORP,3
3226,COMCAST CORP,4
3230,COMDISCO HOLDING CO INC,1
3231,COMERICA INC,1
3231,COMERICA INC,2
3246,COMMERCIAL METALS,1
3246,COMMERCIAL METALS,2
3246,COMMERCIAL METALS,3
3278,AVIS BUDGET GROUP INC,1
3282,COMPAQ COMPUTER CORP,1
3282,COMPAQ COMPUTER CORP,TL
3282,COMPAQ COMPUTER CORP,SK
3336,DXC TECHNOLOGY CO,1
3336,DXC TECHNOLOGY CO,2
3362,CONAGRA BRANDS INC,1
3362,CONAGRA BRANDS INC,2
3362,CONAGRA BRANDS INC,3
3422,CONSOLIDATED PAPERS INC,1
3422,CONSOLIDATED PAPERS INC,2
3422,CONSOLIDATED PAPERS INC,3
3422,CONSOLIDATED PAPERS INC,4
3422,CONSOLIDATED PAPERS INC,5
3497,COOPER INDUSTRIES PLC,1
3497,COOPER INDUSTRIES PLC,2
3502,COOPER TIRE & RUBBER CO,1
3502,COOPER TIRE & RUBBER CO,2
3504,COOPER COS INC (THE),NA
3505,MOLSON COORS BEVERAGE CO,1
3505,MOLSON COORS BEVERAGE CO,2
3505,MOLSON COORS BEVERAGE CO,3
3505,MOLSON COORS BEVERAGE CO,4
3532,CORNING INC,1
3532,CORNING INC,2
3532,CORNING INC,3
3532,CORNING INC,4
3552,TRUE VALUE CO,NA
3580,CRANE HOLDINGS CO,NA
3618,CROWN CENTRAL PETROL  -CL B,NA
3619,CROWN HOLDINGS INC,1
3619,CROWN HOLDINGS INC,2
3650,CUMMINS INC,TL
3650,CUMMINS INC,2
3650,CUMMINS INC,3
3650,CUMMINS INC,1
3650,CUMMINS INC,4
3650,CUMMINS INC,5
3662,CURTISS-WRIGHT CORP,1
3662,CURTISS-WRIGHT CORP,2
3705,DSC COMMUNICATIONS CORP,1
3734,DANA INC,1
3734,DANA INC,2
3734,DANA INC,3
3735,DANAHER CORP,1
3760,DATA GENERAL CORP,1
3813,TARGET CORP,1
3813,TARGET CORP,2
3813,TARGET CORP,3
3813,TARGET CORP,4
3813,TARGET CORP,5
3821,DEAN FOODS CO  -OLD,SK
3835,DEERE & CO,1
3835,DEERE & CO,2
3835,DEERE & CO,3
3835,DEERE & CO,4
3851,DELTA AIR LINES INC,1
3851,DELTA AIR LINES INC,2
3851,DELTA AIR LINES INC,3
3851,DELTA AIR LINES INC,4
3851,DELTA AIR LINES INC,5
3863,DELUXE CORP,1
3911,DEXTER CORP,SK
3914,DI GIORGIO CORP,1
3914,DI GIORGIO CORP,2
3946,DIEBOLD NIXDORF INC,1
3946,DIEBOLD NIXDORF INC,2
3946,DIEBOLD NIXDORF INC,3
3955,DIGITAL EQUIPMENT,1
3955,DIGITAL EQUIPMENT,2
3955,DIGITAL EQUIPMENT,3
3955,DIGITAL EQUIPMENT,4
3964,DILLARDS INC  -CL A,NA
3980,DISNEY (WALT) CO,1
3980,DISNEY (WALT) CO,2
3980,DISNEY (WALT) CO,3
3980,DISNEY (WALT) CO,4
3980,DISNEY (WALT) CO,TL
3980,DISNEY (WALT) CO,6
4001,DIXIE GROUP INC,1
4016,DOLLAR GENERAL CORP,1
4016,DOLLAR GENERAL CORP,2
4016,DOLLAR GENERAL CORP,3
4040,DONNELLEY (R R) & SONS CO,1
4058,DOVER CORP,1
4058,DOVER CORP,2
4060,DUPONT DE NEMOURS INC,SK
4061,DOW CORNING CORP,NA
4062,DOW JONES & CO INC,1
4062,DOW JONES & CO INC,2
4066,OMNICOM GROUP INC,1
4072,ASCENA RETAIL GROUP INC,NA
4073,DRESSER INDUSTRIES INC,1
4073,DRESSER INDUSTRIES INC,2
4073,DRESSER INDUSTRIES INC,3
4073,DRESSER INDUSTRIES INC,4
4073,DRESSER INDUSTRIES INC,5
4073,DRESSER INDUSTRIES INC,6
4087,DU PONT (E I) DE NEMOURS,1
4087,DU PONT (E I) DE NEMOURS,2
4087,DU PONT (E I) DE NEMOURS,SK
4108,FLOWSERVE CORP,1
4108,FLOWSERVE CORP,2
4145,PERKINELMER INC,1
4168,EAGLE-PICHER INC,1
4168,EAGLE-PICHER INC,2
4168,EAGLE-PICHER INC,3
4194,EASTMAN KODAK CO,1
4194,EASTMAN KODAK CO,2
4194,EASTMAN KODAK CO,3
4199,EATON CORP PLC,1
4199,EATON CORP PLC,2
4199,EATON CORP PLC,3
4199,EATON CORP PLC,4
4199,EATON CORP PLC,5
4204,ECHLIN INC,1
4204,ECHLIN INC,2
4213,ECOLAB INC,1
4213,ECOLAB INC,2
4213,ECOLAB INC,3
4302,ELGIN NATIONAL INDUSTRIES,1
4321,EMERSON ELECTRIC CO,1
4321,EMERSON ELECTRIC CO,2
4321,EMERSON ELECTRIC CO,3
4321,EMERSON ELECTRIC CO,4
4321,EMERSON ELECTRIC CO,5
4321,EMERSON ELECTRIC CO,6
4321,EMERSON ELECTRIC CO,7
4322,EMERSON RADIO CORP,SK
4371,ENGELHARD CORP,1
4371,ENGELHARD CORP,2
4494,EXPEDITORS INTL WASH INC,NA
4503,EXXON MOBIL CORP,1
4503,EXXON MOBIL CORP,2
4503,EXXON MOBIL CORP,3
4510,FMC CORP,1
4510,FMC CORP,2
4545,FAIRCHILD INDUSTRIES INC,1
4545,FAIRCHILD INDUSTRIES INC,2
4560,FAMILY DOLLAR STORES,1
4560,FAMILY DOLLAR STORES,2
4584,FARMLAND INDUSTRIES INC,1
4584,FARMLAND INDUSTRIES INC,2
4595,FEDDERS CORP,1
4595,FEDDERS CORP,2
4598,FEDEX CORP,TL
4598,FEDEX CORP,3
4598,FEDEX CORP,4
4600,FEDERAL-MOGUL HOLDINGS CORP,SK
4611,MACY'S INC,1
4622,FERRO CORP,1
4622,FERRO CORP,2
4622,FERRO CORP,3
4635,FIELDCREST CANNON,NA
4739,WACHOVIA CORP,1
4739,WACHOVIA CORP,2
4768,FLEETWOOD ENTERPRISES INC,1
4768,FLEETWOOD ENTERPRISES INC,2
4768,FLEETWOOD ENTERPRISES INC,3
4769,FLEMING COMPANIES INC,1
4809,FLOWERS FOODS INC,1
4818,FLUOR CORP,1
4818,FLUOR CORP,2
4818,FLUOR CORP,3
4839,FORD MOTOR CO,TL
4839,FORD MOTOR CO,3
4839,FORD MOTOR CO,4
4839,FORD MOTOR CO,6
4839,FORD MOTOR CO,7
4839,FORD MOTOR CO,8
4839,FORD MOTOR CO,1
4839,FORD MOTOR CO,5
4839,FORD MOTOR CO,9
4839,FORD MOTOR CO,10
4850,FORT HOWARD CORP,1
4860,FOSTER (LB) CO,NA
4864,FOSTER WHEELER AG,SK
4926,FULLER (H. B.) CO,NA
4932,METROMEDIA INTERNATIONAL GRP,NA
4941,GATX CORP,1
4941,GATX CORP,2
4961,GTE CORP,1
4961,GTE CORP,2
4988,TEGNA INC,1
4988,TEGNA INC,2
4990,GAP INC,1
4990,GAP INC,2
4990,GAP INC,3
5018,AEROJET ROCKETDYNE HOLDINGS,1
5038,HARCOURT GENERAL INC,1
5046,GENERAL DYNAMICS CORP,1
5046,GENERAL DYNAMICS CORP,2
5046,GENERAL DYNAMICS CORP,3
5046,GENERAL DYNAMICS CORP,4
5047,GENERAL ELECTRIC CO,1
5047,GENERAL ELECTRIC CO,2
5047,GENERAL ELECTRIC CO,3
5047,GENERAL ELECTRIC CO,4
5047,GENERAL ELECTRIC CO,5
5047,GENERAL ELECTRIC CO,6
5047,GENERAL ELECTRIC CO,7
5047,GENERAL ELECTRIC CO,8
5047,GENERAL ELECTRIC CO,9
5047,GENERAL ELECTRIC CO,10
5071,GENERAL MILLS INC,1
5071,GENERAL MILLS INC,2
5071,GENERAL MILLS INC,3
5071,GENERAL MILLS INC,4
5071,GENERAL MILLS INC,5
5071,GENERAL MILLS INC,6
5071,GENERAL MILLS INC,7
5073,GENERAL MOTORS CO,SK
5074,ELECTRONIC DATA SYSTEMS CORP,SK
5087,SPX TECHNOLOGIES INC,NA
5109,GENESCO INC,1
5109,GENESCO INC,2
5109,GENESCO INC,3
5125,GENUINE PARTS CO,1
5125,GENUINE PARTS CO,2
5125,GENUINE PARTS CO,3
5134,GEORGIA-PACIFIC CORP,1
5134,GEORGIA-PACIFIC CORP,2
5134,GEORGIA-PACIFIC CORP,3
5134,GEORGIA-PACIFIC CORP,4
5151,GIANT FOOD INC  -CL A,NA
5169,GILLETTE CO,1
5169,GILLETTE CO,2
5169,GILLETTE CO,3
5179,GLATFELTER CORP,1
5208,GOLD KIST INC,1
5208,GOLD KIST INC,2
5229,GOODRICH CORP,1
5229,GOODRICH CORP,2
5234,GOODYEAR TIRE & RUBBER CO,1
5234,GOODYEAR TIRE & RUBBER CO,2
5234,GOODYEAR TIRE & RUBBER CO,3
5234,GOODYEAR TIRE & RUBBER CO,4
5234,GOODYEAR TIRE & RUBBER CO,5
5234,GOODYEAR TIRE & RUBBER CO,6
5234,GOODYEAR TIRE & RUBBER CO,7
5247,GOULDS PUMPS INC,1
5256,GRAINGER (W W) INC,SK
5288,GRAYBAR ELECTRIC CO INC,NA
5301,GREAT ATLANTIC & PAC TEA CO,NA
5306,GREAT LAKES CHEMICAL CORP,1
5377,GUILFORD MILLS INC,1
5439,HALLIBURTON CO,1
5464,HANNA (M A) CO,1
5465,HANNAFORD BROTHERS CO,NA
5492,L3HARRIS TECHNOLOGIES INC,1
5492,L3HARRIS TECHNOLOGIES INC,2
5496,HARSCO CORP,1
5496,HARSCO CORP,2
5496,HARSCO CORP,3
5496,HARSCO CORP,4
5505,HARTMARX CORP,1
5508,HARVARD INDUSTRIES INC,NA
5518,HASBRO INC,1
5518,HASBRO INC,2
5518,HASBRO INC,3
5518,HASBRO INC,4
5558,HECHINGER CO  -CL A,NA
5568,KRAFT HEINZ CO,SK
5589,HERCULES INC,1
5589,HERCULES INC,2
5589,HERCULES INC,3
5597,HERSHEY CO,NA
5600,HERTZ GLOBAL HOLDINGS INC,NA
5606,HP INC,1
5606,HP INC,2
5606,HP INC,3
5643,HILTON WORLDWIDE HOLDINGS,NA
5667,HF SINCLAIR CORP,NA
5680,HOME DEPOT INC,1
5680,HOME DEPOT INC,2
5680,HOME DEPOT INC,3
5686,HOMESTAKE MINING,1
5686,HOMESTAKE MINING,2
5686,HOMESTAKE MINING,3
5686,HOMESTAKE MINING,4
5686,HOMESTAKE MINING,5
5686,HOMESTAKE MINING,6
5686,HOMESTAKE MINING,7
5686,HOMESTAKE MINING,8
5690,HNI CORP,1
5690,HNI CORP,2
5690,HNI CORP,3
5709,HORMEL FOODS CORP,1
5709,HORMEL FOODS CORP,2
5709,HORMEL FOODS CORP,3
5709,HORMEL FOODS CORP,4
5723,STARWOOD HOTELS&RESORTS WRLD,SK
5750,HOVNANIAN ENTRPRS INC  -CL A,NA
5764,HUBBELL INC,1
5772,HUFFY CORP,1
5774,HUGHES SUPPLY INC,1
5774,HUGHES SUPPLY INC,2
5783,HUNT (JB) TRANSPRT SVCS INC,NA
5824,PEPSIAMERICAS INC,1
5848,IBP INC,TL
5878,ILLINOIS TOOL WORKS,1
5878,ILLINOIS TOOL WORKS,2
5878,ILLINOIS TOOL WORKS,3
5878,ILLINOIS TOOL WORKS,4
5878,ILLINOIS TOOL WORKS,5
5968,RYERSON HOLDING CORP,NA
5976,INSILCO HOLDING CO,SK
6008,INTEL CORP,1
6008,INTEL CORP,2
6008,INTEL CORP,3
6008,INTEL CORP,4
6025,FURNITURE BRANDS INTL INC,NA
6034,INTERFACE INC,1
6036,INTERGRAPH CORP,1
6036,INTERGRAPH CORP,2
6038,INTERLAKE CORP,1
6038,INTERLAKE CORP,2
6066,INTL BUSINESS MACHINES CORP,NA
6078,INTL FLAVORS & FRAGRANCES,NA
6081,NAVISTAR INTERNATIONAL CORP,1
6081,NAVISTAR INTERNATIONAL CORP,2
6096,MALLINCKRODT INC,1
6096,MALLINCKRODT INC,2
6102,INTL MULTIFOODS CORP,NA
6104,INTL PAPER CO,NA
6127,ENRON CORP,1
6127,ENRON CORP,2
6136,INTERPUBLIC GROUP OF COS,NA
6140,INTERSTATE BAKERIES CORP,1
6196,ANIXTER INTL INC,NA
6216,JACOBS SOLUTIONS INC,NA
6223,EMCOR GROUP INC,1
6223,EMCOR GROUP INC,2
6226,FORT JAMES CORP,1
6226,FORT JAMES CORP,2
6242,SMURFIT-STONE CONTAINER CORP,1
6266,JOHNSON & JOHNSON,1
6266,JOHNSON & JOHNSON,2
6266,JOHNSON & JOHNSON,3
6266,JOHNSON & JOHNSON,4
6266,JOHNSON & JOHNSON,5
6266,JOHNSON & JOHNSON,6
6266,JOHNSON & JOHNSON,7
6266,JOHNSON & JOHNSON,8
6266,JOHNSON & JOHNSON,9
6266,JOHNSON & JOHNSON,10
6266,JOHNSON & JOHNSON,11
6266,JOHNSON & JOHNSON,12
6266,JOHNSON & JOHNSON,13
6266,JOHNSON & JOHNSON,14
6266,JOHNSON & JOHNSON,15
6266,JOHNSON & JOHNSON,16
6266,JOHNSON & JOHNSON,17
6266,JOHNSON & JOHNSON,18
6266,JOHNSON & JOHNSON,19
6266,JOHNSON & JOHNSON,20
6266,JOHNSON & JOHNSON,21
6266,JOHNSON & JOHNSON,22
6266,JOHNSON & JOHNSON,23
6266,JOHNSON & JOHNSON,24
6266,JOHNSON & JOHNSON,25
6268,JOHNSON CONTROLS INTL PLC,NA
6288,JOSTENS INC,1
6307,SEARS HOLDINGS CORP,1
6326,KAMAN CORP,1
6326,KAMAN CORP,2
6347,WASHINGTON GROUP INTL INC,NA
6349,KATY INDUSTRIES INC,1
6349,KATY INDUSTRIES INC,2
6375,KELLOGG CO,1
6375,KELLOGG CO,2
6375,KELLOGG CO,3
6375,KELLOGG CO,4
6375,KELLOGG CO,5
6375,KELLOGG CO,6
6376,KELLWOOD CO,1
6379,KELLY SERVICES INC  -CL A,NA
6386,KENNAMETAL INC,1
6386,KENNAMETAL INC,2
6386,KENNAMETAL INC,3
6386,KENNAMETAL INC,4
6403,KERR-MCGEE CORP,1
6403,KERR-MCGEE CORP,2
6403,KERR-MCGEE CORP,3
6424,KEYSTONE CONS INDUSTRIES INC,SK
6433,KIMBALL INTERNATIONAL  -CL B,NA
6435,KIMBERLY-CLARK CORP,1
6435,KIMBERLY-CLARK CORP,2
6435,KIMBERLY-CLARK CORP,3
6435,KIMBERLY-CLARK CORP,4
6435,KIMBERLY-CLARK CORP,5
6435,KIMBERLY-CLARK CORP,6
6475,KNIGHT-RIDDER INC,1
6475,KNIGHT-RIDDER INC,2
6502,KROGER CO,1
6502,KROGER CO,2
6502,KROGER CO,3
6502,KROGER CO,4
6502,KROGER CO,5
6502,KROGER CO,6
6529,LSI CORP,1
6531,LTV CORP,1
6531,LTV CORP,2
6543,LA-Z-BOY INC,1
6543,LA-Z-BOY INC,2
6565,LAM RESEARCH CORP,1
6573,LANCASTER COLONY CORP,1
6649,LEGGETT & PLATT INC,1
6649,LEGGETT & PLATT INC,2
6649,LEGGETT & PLATT INC,3
6669,LENNAR CORP,SK
6730,LILLY (ELI) & CO,1
6730,LILLY (ELI) & CO,2
6730,LILLY (ELI) & CO,3
6730,LILLY (ELI) & CO,4
6730,LILLY (ELI) & CO,5
6733,BATH & BODY WORKS INC,1
6733,BATH & BODY WORKS INC,2
6733,BATH & BODY WORKS INC,3
6737,LINCOLN ELECTRIC HLDGS INC,NA
6765,LITTON INDUSTRIES INC,1
6765,LITTON INDUSTRIES INC,2
6765,LITTON INDUSTRIES INC,3
6774,LOCKHEED MARTIN CORP,1
6774,LOCKHEED MARTIN CORP,2
6774,LOCKHEED MARTIN CORP,TL
6774,LOCKHEED MARTIN CORP,4
6774,LOCKHEED MARTIN CORP,5
6796,LONE STAR INDUSTRIES,1
6796,LONE STAR INDUSTRIES,2
6796,LONE STAR INDUSTRIES,3
6797,LONE STAR TECHNOLOGIES,1
6802,LONGS DRUG STORES CORP,SK
6803,LONGVIEW FIBRE CO,1
6819,LOUISIANA LAND & EXPLORATION,1
6821,LOUISIANA-PACIFIC CORP,1
6821,LOUISIANA-PACIFIC CORP,2
6829,LOWE'S COS INC,NA
6830,LUBRIZOL CORP,1
6830,LUBRIZOL CORP,2
6830,LUBRIZOL CORP,3
6837,LUKENS INC,1
6864,MCI COMMUNICATIONS,1
6865,MDC HOLDINGS INC,1
6867,MDU RESOURCES GROUP INC,1
6994,MANITOWOC CO,NA
7008,MAPCO INC,1
7017,MARATHON OIL CORP,1
7017,MARATHON OIL CORP,2
7017,MARATHON OIL CORP,3
7017,MARATHON OIL CORP,4
7045,MARK IV INDUSTRIES INC,1
7067,MARSHALL & ILSLEY CORP,1
7067,MARSHALL & ILSLEY CORP,2
7085,MASCO CORP,1
7085,MASCO CORP,2
7085,MASCO CORP,TL
7085,MASCO CORP,4
7086,METALDYNE CORP,1
7116,MATTEL INC,1
7116,MATTEL INC,2
7116,MATTEL INC,3
7116,MATTEL INC,4
7116,MATTEL INC,5
7123,MAXTOR CORP,NA
7139,MAYTAG CORP,1
7146,MCCORMICK & CO INC,SK
7152,MCDERMOTT INTL INC,NA
7154,MCDONALD'S CORP,1
7154,MCDONALD'S CORP,2
7154,MCDONALD'S CORP,3
7154,MCDONALD'S CORP,4
7154,MCDONALD'S CORP,5
7163,S&P GLOBAL INC,1
7163,S&P GLOBAL INC,2
7163,S&P GLOBAL INC,3
7163,S&P GLOBAL INC,4
7163,S&P GLOBAL INC,5
7171,MCKESSON CORP,1
7180,MEAD CORP,1
7180,MEAD CORP,2
7180,MEAD CORP,3
7228,MEDTRONIC PLC,1
7228,MEDTRONIC PLC,2
7228,MEDTRONIC PLC,3
7241,CVS HEALTH CORP,NA
7254,MERCANTILE STORES CO INC,1
7257,MERCK & CO,SK
7260,MEREDITH CORP,1
7316,MICHAELS COS INC,NA
7343,MICRON TECHNOLOGY INC,1
7409,MILLIPORE CORP,1
7435,3M CO,1
7435,3M CO,2
7435,3M CO,3
7435,3M CO,4
7435,3M CO,5
7435,3M CO,6
7466,MITCHELL ENERGY & DEV CORP,NA
7475,MOBIL CORP,1
7475,MOBIL CORP,2
7475,MOBIL CORP,3
7475,MOBIL CORP,4
7506,MOLEX INC,1
7536,PHARMACIA CORP,1
7585,MOTOROLA SOLUTIONS INC,1
7585,MOTOROLA SOLUTIONS INC,2
7620,MURPHY OIL CORP,1
7620,MURPHY OIL CORP,2
7620,MURPHY OIL CORP,3
7620,MURPHY OIL CORP,4
7637,VIATRIS INC,1
7637,VIATRIS INC,2
7646,NCH CORP,1
7648,NCR CORP,1
7648,NCR CORP,2
7648,NCR CORP,3
7648,NCR CORP,4
7650,FIRST CHICAGO NBD CORP,SK
7672,NORTHWEST AIRLINES CORP,1
7679,NALCO CHEMICAL CO,1
7679,NALCO CHEMICAL CO,2
7691,NASH FINCH CO,1
7692,NASHUA CORP,1
7711,NATIONAL CITY CORP,1
7711,NATIONAL CITY CORP,2
7762,NATIONAL PRESTO INDS INC,NA
7772,NATIONAL SEMICONDUCTOR CORP,1
7772,NATIONAL SEMICONDUCTOR CORP,2
7773,NATIONAL SERVICE INDS INC,NA
7866,NEW YORK TIMES CO  -CL A,NA
7875,NEWELL BRANDS INC,1
7875,NEWELL BRANDS INC,2
7881,NEWMONT CORP,1
7881,NEWMONT CORP,2
7881,NEWMONT CORP,3
7881,NEWMONT CORP,4
7906,NIKE INC  -CL B,NA
7912,NOBLE ENERGY INC,1
7912,NOBLE ENERGY INC,2
7922,NORDSTROM INC,1
7922,NORDSTROM INC,2
7938,NACCO INDUSTRIES  -CL A,NA
7985,NORTHROP GRUMMAN CORP,1
7985,NORTHROP GRUMMAN CORP,2
7985,NORTHROP GRUMMAN CORP,3
7991,TEREX CORP,1
8003,NORTHWESTERN STL&WIRE,NA
8030,NUCOR CORP,1
8030,NUCOR CORP,2
8030,NUCOR CORP,3
8044,NYNEX CORP,SK
8062,OAK INDUSTRIES INC,1
8068,OCCIDENTAL PETROLEUM CORP,1
8068,OCCIDENTAL PETROLEUM CORP,TL
8068,OCCIDENTAL PETROLEUM CORP,3
8068,OCCIDENTAL PETROLEUM CORP,4
8101,SEALY CORP,NA
8123,OLIN CORP,1
8123,OLIN CORP,2
8128,OLSTEN CORP,SK
8133,OMNICARE INC,1
8133,OMNICARE INC,2
8202,OUTBOARD MARINE CORP,1
8213,OWENS & MINOR INC,1
8214,OWENS CORNING,1
8214,OWENS CORNING,2
8215,O-I GLASS INC,1
8219,OXFORD INDUSTRIES INC,1
8219,OXFORD INDUSTRIES INC,2
8247,PPG INDUSTRIES INC,1
8247,PPG INDUSTRIES INC,2
8247,PPG INDUSTRIES INC,3
8253,PACCAR INC,1
8253,PACCAR INC,2
8253,PACCAR INC,3
8253,PACCAR INC,4
8253,PACCAR INC,5
8286,PACIFIC TELESIS GROUP,1
8286,PACIFIC TELESIS GROUP,2
8304,PALL CORP,1
8304,PALL CORP,2
8358,PARKER-HANNIFIN CORP,NA
8404,PAYLESS CASHWAYS,SK
8439,PENN TRAFFIC CO,1
8446,OLD COPPER CO INC,1
8446,OLD COPPER CO INC,2
8446,OLD COPPER CO INC,3
8463,PENTAIR PLC,NA
8479,PEPSICO INC,1
8479,PEPSICO INC,2
8479,PEPSICO INC,3
8479,PEPSICO INC,4
8479,PEPSICO INC,5
8479,PEPSICO INC,6
8486,TUTOR PERINI CORP,1
8530,PFIZER INC,1
8530,PFIZER INC,2
8530,PFIZER INC,3
8530,PFIZER INC,4
8530,PFIZER INC,5
8530,PFIZER INC,6
8530,PFIZER INC,7
8530,PFIZER INC,8
8530,PFIZER INC,TL
8530,PFIZER INC,11
8536,PHELPS DODGE CORP,TL
8536,PHELPS DODGE CORP,2
8543,ALTRIA GROUP INC,1
8543,ALTRIA GROUP INC,2
8543,ALTRIA GROUP INC,3
8543,ALTRIA GROUP INC,4
8549,CONOCOPHILLIPS,1
8549,CONOCOPHILLIPS,2
8549,CONOCOPHILLIPS,3
8549,CONOCOPHILLIPS,4
8549,CONOCOPHILLIPS,5
8551,PVH CORP,1
8551,PVH CORP,2
8606,PITNEY BOWES INC,SK
8627,PLAINS RESOURCES INC,1
8657,PRIMARY PDC INC,NA
8675,POPE & TALBOT INC,1
8762,PROCTER & GAMBLE CO,1
8815,PUBLIX SUPER MARKETS INC,NA
8823,PULTEGROUP INC,1
8823,PULTEGROUP INC,2
8852,QUAKER OATS CO,1
8852,QUAKER OATS CO,2
8853,QUAKER STATE CORP,NA
8859,QUANEX CORP,1
8902,RPM INTERNATIONAL INC,1
8902,RPM INTERNATIONAL INC,2
8902,RPM INTERNATIONAL INC,3
8960,RAYCHEM CORP,NA
8972,RAYTHEON CO,1
8972,RAYTHEON CO,2
8972,RAYTHEON CO,3
8972,RAYTHEON CO,4
9043,REMINGTON ARMS COMPANY INC,NA
9063,AUTONATION INC,1
9112,REYNOLDS & REYNOLDS  -CL A,NA
9114,REYNOLDS METALS CO,1
9114,REYNOLDS METALS CO,2
9155,RITE AID CORP,1
9155,RITE AID CORP,2
9168,CALIBER SYSTEMS INC,1
9180,ROBERTSON CECO CORP,SK
9193,ROCHESTER & PITTSBURGH COAL,NA
9203,ROCKWELL AUTOMATION,1
9203,ROCKWELL AUTOMATION,2
9203,ROCKWELL AUTOMATION,3
9203,ROCKWELL AUTOMATION,4
9217,ROHM AND HAAS CO,1
9218,ROHR INC,1
9218,ROHR INC,2
9218,ROHR INC,3
9236,RHONE-POULENC RORER,NA
9248,ROSS STORES INC,1
9248,ROSS STORES INC,2
9280,RUBBERMAID INC,1
9293,RUSSELL CORP,1
9299,RYDER SYSTEM INC,1
9299,RYDER SYSTEM INC,2
9301,RYKOFF-SEXTON INC,SK
9302,RYLAND GROUP INC,1
9302,RYLAND GROUP INC,2
9313,SCI SYSTEMS INC,1
9359,SAFEWAY INC,1
9359,SAFEWAY INC,2
9359,SAFEWAY INC,3
9359,SAFEWAY INC,4
9372,ST JUDE MEDICAL INC,1
9372,ST JUDE MEDICAL INC,2
9411,HILLSHIRE BRANDS CO,SK
9433,SAVANNAH FOODS & INDS,NA
9466,SCHOLASTIC CORP,NA
9472,SCHULMAN (A.) INC,1
9472,SCHULMAN (A.) INC,2
9483,SCIENTIFIC-ATLANTA INC,1
9538,SEABOARD CORP,1
9555,SEALED AIR CORP,1
9555,SEALED AIR CORP,2
9563,SEARS ROEBUCK & CO,1
9563,SEARS ROEBUCK & CO,2
9563,SEARS ROEBUCK & CO,3
9611,SERVICE CORP INTERNATIONAL,1
9611,SERVICE CORP INTERNATIONAL,2
9612,SERVICE MERCHANDISE CO,1
9613,SERVICEMASTER CO,1
9613,SERVICEMASTER CO,2
9643,SHAW INDUSTRIES INC,1
9643,SHAW INDUSTRIES INC,2
9653,SHELL OIL CO,1
9653,SHELL OIL CO,2
9653,SHELL OIL CO,3
9667,SHERWIN-WILLIAMS CO,1
9667,SHERWIN-WILLIAMS CO,2
9667,SHERWIN-WILLIAMS CO,3
9667,SHERWIN-WILLIAMS CO,4
9667,SHERWIN-WILLIAMS CO,5
9699,SIGMA-ALDRICH CORP,1
9699,SIGMA-ALDRICH CORP,2
9737,SIMMONS CO,NA
9761,SKYLINE CORP,1
9761,SKYLINE CORP,2
9771,SMITH (A.O.),SK
9772,SMITH INTERNATIONAL INC,1
9772,SMITH INTERNATIONAL INC,2
9774,SMITHFIELD FOODS INC,1
9774,SMITHFIELD FOODS INC,2
9777,SMUCKER (JM) CO,NA
9778,SNAP-ON INC,TL
9778,SNAP-ON INC,2
9783,KEYCORP,1
9783,KEYCORP,2
9783,KEYCORP,3
9783,KEYCORP,4
9778,SNAP-ON INC,SK
9783,KEYCORP,SK
9815,SONOCO PRODUCTS CO,1
9815,SONOCO PRODUCTS CO,2
9882,SOUTHWEST AIRLINES,1
9882,SOUTHWEST AIRLINES,2
9882,SOUTHWEST AIRLINES,3
9899,AT&T INC,1
9899,AT&T INC,2
9899,AT&T INC,3
9899,AT&T INC,4
9899,AT&T INC,5
9899,AT&T INC,6
9952,SPIEGEL INC  -CL A,NA
9963,SPRINGS INDUSTRIES  -CL A,NA
9988,STANDARD COMMERCIAL CORP,1
10000,STANDARD MOTOR PRODS,NA
10002,CALATLANTIC GROUP INC,1
10005,STANDARD REGISTER CO,1
10016,STANLEY BLACK & DECKER INC,1
10016,STANLEY BLACK & DECKER INC,2
10035,STATE STREET CORP,1
10035,STATE STREET CORP,2
10035,STATE STREET CORP,3
10085,STEWART & STEVENSON SERVICES,NA
10091,STOKELY VAN CAMP INC,1
10091,STOKELY VAN CAMP INC,2
10091,STOKELY VAN CAMP INC,3
10091,STOKELY VAN CAMP INC,4
10093,STONE CONTAINER CORP,1
10093,STONE CONTAINER CORP,TL
10097,STORAGE TECHNOLOGY CP,SK
10115,STRYKER CORP,1
10115,STRYKER CORP,2
10150,SEQUA CORP  -CL A,NA
10156,SUNOCO INC,TL
10156,SUNOCO INC,1
10156,SUNOCO INC,2
10156,SUNOCO INC,3
10163,SUNDSTRAND CORP,1
10190,SUPERVALU INC,1
10190,SUPERVALU INC,2
10190,SUPERVALU INC,3
10199,SUPERMARKETS GEN HLDG  -CL A,NA
10247,SYSCO CORP,1
10247,SYSCO CORP,2
10247,SYSCO CORP,3
10247,SYSCO CORP,4
10326,TAMBRANDS INC,NA
10329,TANDEM COMPUTERS INC,NA
10391,TEKTRONIX INC,1
10405,ATI INC -NEW,1
10405,ATI INC -NEW,2
10405,ATI INC -NEW,3
10405,ATI INC -NEW,4
10407,TELEFLEX INC,1
10411,TELEPHONE & DATA SYSTEMS INC,1
10411,TELEPHONE & DATA SYSTEMS INC,2
10411,TELEPHONE & DATA SYSTEMS INC,3
10420,TELLABS INC,1
10420,TELLABS INC,2
10426,TEMPLE-INLAND INC,1
10443,TENNECO INC,1
10443,TENNECO INC,2
10443,TENNECO INC,3
10443,TENNECO INC,4
10443,TENNECO INC,5
10443,TENNECO INC,TL
10466,ANDEAVOR,1
10482,TEXACO INC,1
10482,TEXACO INC,TL
10482,TEXACO INC,4
10482,TEXACO INC,5
10482,TEXACO INC,6
10482,TEXACO INC,7
10482,TEXACO INC,8
10482,TEXACO INC,9
10482,TEXACO INC,10
10484,UNITED AIRLINES INC,1
10484,UNITED AIRLINES INC,2
10484,UNITED AIRLINES INC,3
10498,TEXAS INDUSTRIES INC,SK
10499,TEXAS INSTRUMENTS INC,1
10499,TEXAS INSTRUMENTS INC,2
10499,TEXAS INSTRUMENTS INC,3
10499,TEXAS INSTRUMENTS INC,4
10499,TEXAS INSTRUMENTS INC,5
10499,TEXAS INSTRUMENTS INC,6
10499,TEXAS INSTRUMENTS INC,7
10499,TEXAS INSTRUMENTS INC,8
10519,TEXTRON INC,1
10519,TEXTRON INC,2
10519,TEXTRON INC,3
10519,TEXTRON INC,4
10519,TEXTRON INC,5
10519,TEXTRON INC,6
10530,THERMO FISHER SCIENTIFIC INC,NA
10540,THOMAS & BETTS CORP,1
10549,THOR INDUSTRIES INC,1
10551,THORN APPLE VALLEY INC,1
10553,3COM CORP,1
10580,TIMES MIRROR CO  -SER A,NA
10581,TIMKEN CO,1
10581,TIMKEN CO,2
10581,TIMKEN CO,3
10597,TODD SHIPYARDS CORP,1
10597,TODD SHIPYARDS CORP,2
10618,TORO CO,NA
10625,TOTAL PETROLEUM OF N AMERICA,NA
10639,TOYS R US INC,TL
10726,TRIBUNE MEDIA CO,1
10770,TURNER CORP,NA
10787,TYCO INTERNATIONAL PLC,NA
10793,TYSON FOODS INC  -CL A,NA
10813,URS CORP,1
10813,URS CORP,2
10813,URS CORP,3
10816,USG CORP,1
10816,USG CORP,2
10816,USG CORP,3
10839,UNIFI INC,1
10855,UNION CAMP CORP,1
10855,UNION CAMP CORP,2
10857,UNION CARBIDE CORP,1
10857,UNION CARBIDE CORP,2
10857,UNION CARBIDE CORP,3
10868,UNION PLANTERS CORP,1
10884,CHIQUITA BRANDS INTL INC,SK
10920,UNITED PARCEL SERVICE INC,1
10920,UNITED PARCEL SERVICE INC,2
10920,UNITED PARCEL SERVICE INC,3
10972,U S SURGICAL CORP,NA
10981,ESSENDANT INC,1
10981,ESSENDANT INC,2
10983,RAYTHEON TECHNOLOGIES CORP,1
10983,RAYTHEON TECHNOLOGIES CORP,2
10983,RAYTHEON TECHNOLOGIES CORP,3
10983,RAYTHEON TECHNOLOGIES CORP,4
10984,SPRINT CORP,TL
10984,SPRINT CORP,2
11017,UNIVERSAL CORP/VA,NA
11038,UNOCAL CORP,1
11038,UNOCAL CORP,2
11038,UNOCAL CORP,3
11060,VF CORP,1
11060,VF CORP,2
11060,VF CORP,3
11060,VF CORP,4
11094,VALMONT INDUSTRIES INC,1
11096,VALSPAR CORP,1
11096,VALSPAR CORP,2
11115,VARIAN MEDICAL SYSTEMS INC,1
11191,VISHAY INTERTECHNOLOGY INC,SK
11217,VOLVO AB,1
11217,VOLVO AB,2
11217,VOLVO AB,3
11217,VOLVO AB,4
11217,VOLVO AB,5
11217,VOLVO AB,6
11217,VOLVO AB,TL
11217,VOLVO AB,9
11217,VOLVO AB,10
11228,VULCAN MATERIALS CO,1
11228,VULCAN MATERIALS CO,2
11228,VULCAN MATERIALS CO,3
11257,FRONTIER OIL CORP,SK
11259,WALMART INC,SK
11264,WALGREENS BOOTS ALLIANCE INC,NA
11278,WANG LABS INC,SK
11288,WARNER-LAMBERT CO,1
11288,WARNER-LAMBERT CO,2
11366,WENDY'S INTERNATIONAL INC,1
11366,WENDY'S INTERNATIONAL INC,2
11399,WESTERN DIGITAL CORP,1
11440,WESTMORELAND COAL CO,SK
11446,MEADWESTVACO CORP,1
11446,MEADWESTVACO CORP,2
11456,WEYERHAEUSER CO,1
11456,WEYERHAEUSER CO,2
11456,WEYERHAEUSER CO,3
11456,WEYERHAEUSER CO,4
11456,WEYERHAEUSER CO,5
11462,HANDY & HARMAN LTD,NA
11465,WHIRLPOOL CORP,SK
11480,WHITMAN EDUCATION GROUP INC,1
11511,WILLIAMS-SONOMA INC,NA
11535,WINN-DIXIE STORES INC,1
11535,WINN-DIXIE STORES INC,2
11535,WINN-DIXIE STORES INC,3
11535,WINN-DIXIE STORES INC,4
11537,WINNEBAGO INDUSTRIES,1
11537,WINNEBAGO INDUSTRIES,2
11537,WINNEBAGO INDUSTRIES,3
11559,WITCO CORP,1
11584,FOOT LOCKER INC,1
11584,FOOT LOCKER INC,2
11600,WORTHINGTON INDUSTRIES,1
11615,WYMAN-GORDON CO,1
11636,XEROX HOLDINGS CORP,1
11636,XEROX HOLDINGS CORP,2
11636,XEROX HOLDINGS CORP,3
11636,XEROX HOLDINGS CORP,4
11636,XEROX HOLDINGS CORP,5
11649,YELLOW CORP,1
11672,TJX COS INC (THE),NA
11678,ZENITH ELECTRONICS CORP,1
11691,ZURN INDUSTRIES INC,1
11691,ZURN INDUSTRIES INC,TL
11691,ZURN INDUSTRIES INC,3
11721,OSHKOSH CORP,1
11721,OSHKOSH CORP,2
11781,OVINTIV INC,1
11781,OVINTIV INC,2
11781,OVINTIV INC,3
11781,OVINTIV INC,4
11923,ANADARKO PETROLEUM CORP,1
11923,ANADARKO PETROLEUM CORP,2
11971,TYCO TOYS INC,NA
12045,UNION TEXAS PETRO HLDGS INC,NA
12053,EMC CORP/MA,NA
12123,BIG LOTS INC,1
12136,SUN MICROSYSTEMS INC,1
12136,SUN MICROSYSTEMS INC,2
12141,MICROSOFT CORP,1
12142,ORACLE CORP,1
12142,ORACLE CORP,2
12142,ORACLE CORP,3
12142,ORACLE CORP,4
12142,ORACLE CORP,5
12142,ORACLE CORP,6
12142,ORACLE CORP,7
12142,ORACLE CORP,8
12144,SUNGARD DATA SYSTEMS INC,1
12144,SUNGARD DATA SYSTEMS INC,2
12171,TECH DATA CORP,1
12171,TECH DATA CORP,2
12206,DIRECTV,TL
12206,DIRECTV,2
12206,DIRECTV,3
12233,GENZYME CORP,1
12233,GENZYME CORP,2
12246,ANCHOR GLASS CONTAINER CORP,NA
12309,WLR FOODS INC,1
12389,HARLEY-DAVIDSON INC,1
12389,HARLEY-DAVIDSON INC,2
12389,HARLEY-DAVIDSON INC,3
12395,TOLL BROTHERS INC,1
12395,TOLL BROTHERS INC,2
12395,TOLL BROTHERS INC,3
12409,HUDSON FOODS INC  -CL A,NA
12459,NVR INC,1
12471,WORLD FUEL SERVICES CORP,1
12471,WORLD FUEL SERVICES CORP,2
12484,ADELPHIA COMMUN  -CL A,NA
12485,ALTICE USA INC,NA
12540,ADOBE INC,1
12540,ADOBE INC,2
12540,ADOBE INC,3
12540,ADOBE INC,4
12544,ST JOE CO,1
12578,VALHI INC,1
12581,MAGNETEK INC,1
12635,FISERV INC,1
12635,FISERV INC,2
12635,FISERV INC,3
12689,KB HOME,1
12689,KB HOME,2
12785,PILGRIM'S PRIDE CORP,NA
12850,CERNER CORP,1
12892,SUNOCO LP,NA
12895,AXIALL CORP,1
12950,AIRGAS INC,1
12950,AIRGAS INC,2
13003,JOY GLOBAL INC,1
13028,PREMARK INTERNATIONAL INC,1
13028,PREMARK INTERNATIONAL INC,2
13046,DELTA WOODSIDE INDUSTRIES,1
13099,FRUIT OF THE LOOM LTD  -CL A,NA
13135,YORK INTERNATIONAL CORP,1
13135,YORK INTERNATIONAL CORP,2
13204,FISHER SCIENTIFIC INTL INC,NA
13351,NATIONAL STEEL CORP  -CL B,NA
13380,SAKS INC,1
13407,WELLMAN INC,1
13407,WELLMAN INC,TL
13440,LEVEL 3 COMMUNICATIONS INC,1
13500,INTELLIGENT ELECTRONICS INC,NA
13501,MICROAGE INC,NA
13599,CELGENE CORP,1
13634,EXIDE TECHNOLOGIES,1
13684,LIBERTY INTERACTIVE -CONSOL,SK
13709,ICAHN ENTERPRISES LP,NA
13712,ALERIS CORP,NA
13721,ZOETIS INC,NA
13990,WARNACO GROUP INC,1
14007,NEIMAN MARCUS GROUP INC,SK
14152,VONS COMPANIES INC,NA
14277,J & L SPECIALTY STEEL,1
14282,AMPHENOL CORP,1
14311,POLARIS INC,1
14311,POLARIS INC,2
14311,POLARIS INC,3
14325,AVONDALE INDUSTRIES INC,1
14359,PIONEER NATURAL RESOURCES CO,1
14363,IMC GLOBAL INC,1
14370,MANPOWERGROUP,1
14370,MANPOWERGROUP,2
14370,MANPOWERGROUP,3
14384,OREGON STEEL MILLS INC,NA
14405,RICHFOOD HOLDINGS INC,1
14418,MGM RESORTS INTERNATIONAL,1
14418,MGM RESORTS INTERNATIONAL,2
14443,ESSEX GROUP INC,NA
14446,IVAX CORP,1
14489,DELL TECHNOLOGIES INC,NA
14503,IMPERIAL SUGAR CO,1
14535,EW SCRIPPS  -CL A,NA
14590,FREEPORT-MCMORAN INC,1
14590,FREEPORT-MCMORAN INC,2
14590,FREEPORT-MCMORAN INC,3
14590,FREEPORT-MCMORAN INC,4
14593,GAYLORD CONTAINER CP,NA
14620,ELECTROLUX AB,1
14620,ELECTROLUX AB,2
14620,ELECTROLUX AB,3
14620,ELECTROLUX AB,4
14620,ELECTROLUX AB,5
14620,ELECTROLUX AB,6
14620,ELECTROLUX AB,7
14624,ODP CORP,1
14624,ODP CORP,2
14854,FIRST BRANDS CORP,1
14878,ORYX ENERGY CO,1
14890,DURACELL INTERNATIONAL,NA
14895,MERISEL INC,1
14934,DEVON ENERGY CORP,1
14934,DEVON ENERGY CORP,2
14934,DEVON ENERGY CORP,3
14934,DEVON ENERGY CORP,4
14934,DEVON ENERGY CORP,5
14960,LABORATORY CP OF AMER HLDGS,NA
15084,BURLINGTON RESOURCES INC,1
15084,BURLINGTON RESOURCES INC,2
15106,BECKMAN COULTER INC,1
15110,LYONDELL CHEMICAL CO,1
15110,LYONDELL CHEMICAL CO,2
15247,VALERO ENERGY CORP,1
15247,VALERO ENERGY CORP,2
15247,VALERO ENERGY CORP,3
15247,VALERO ENERGY CORP,4
15274,WALTER ENERGY INC,1
15274,WALTER ENERGY INC,2
15274,WALTER ENERGY INC,3
15343,MUELLER INDUSTRIES,1
15426,MORTON INTERNATIONAL INC,1
15426,MORTON INTERNATIONAL INC,2
15459,TREDEGAR CORP,1
15521,STAPLES INC,1
15521,STAPLES INC,2
15521,STAPLES INC,3
15708,ALLERGAN INC,1
16101,ABBVIE INC,1
16476,LEVI STRAUSS & CO,1
16477,LEAR CORP,1
16478,EOG RESOURCES INC,1
16721,ELECTRONIC ARTS INC,1
17110,SOLECTRON CORP,1
17110,SOLECTRON CORP,2
17812,HD SUPPLY HOLDINGS INC,NA
17928,IQVIA HOLDINGS INC,NA
18003,PLY GEM HOLDINGS INC,NA
18036,COMMSCOPE HOLDING CO INC,1
18043,NEWS CORP,1
18043,NEWS CORP,2
18043,NEWS CORP,3
18043,NEWS CORP,4
18043,NEWS CORP,5
18043,NEWS CORP,6
18043,NEWS CORP,7
18312,US FOODS HOLDING CORP,NA
18468,PLAINS GP HOLDINGS LP,NA
18498,MURPHY USA INC,SK
18675,BURLINGTON STORES INC,NA
18683,SCIENCE APPLICATIONS INTL CP,NA
19398,DENNYS CORP,NA
19574,GANNETT CO INC,1
19574,GANNETT CO INC,2
19574,GANNETT CO INC,3
19858,VERITIV CORP,NA
20423,CAESARS ENTERTAINMENT CORP,NA
20696,MASONITE INTERNATIONAL CORP,1
20779,CISCO SYSTEMS INC,1
20779,CISCO SYSTEMS INC,2
20779,CISCO SYSTEMS INC,3
20779,CISCO SYSTEMS INC,4
20779,CISCO SYSTEMS INC,5
20783,READERS DIGEST ASSN INC,NA
20909,TEPPCO PARTNERS  -LP,1
21504,CONE MILLS CORP,1
21515,UNIVAR SOLUTIONS INC,NA
21540,WAYFAIR INC,NA
22741,CHEMOURS CO,NA
22794,BJ SERVICES CO,1
22794,BJ SERVICES CO,2
23109,GENESIS HEALTHCARE INC,1
23592,MBNA CORP,1
23592,MBNA CORP,2
23809,AUTOZONE INC,1
23809,AUTOZONE INC,2
23809,AUTOZONE INC,3
23812,REGENERON PHARMACEUTICALS,1
23812,REGENERON PHARMACEUTICALS,2
23865,BABCOCK & WILCOX ENTERPRISES,NA
23942,CALDOR CORP,NA
23978,UNITED STATES STEEL CORP,1
23978,UNITED STATES STEEL CORP,2
24357,BAY NETWORKS INC,1
24363,BUCYRUS INTERNATIONAL INC,SK
24468,BIOGEN INC,1
24468,BIOGEN INC,2
24522,SHOPKO STORES INC,1
24779,COMPUSA INC,NA
24800,QUALCOMM INC,1
24800,QUALCOMM INC,TL
24800,QUALCOMM INC,3
24800,QUALCOMM INC,4
24800,QUALCOMM INC,2
24856,GILEAD SCIENCES INC,1
24870,NEXTEL COMMUNICATIONS INC,1
24893,WHOLE FOODS MARKET INC,SK
24969,COLEMAN CO INC,1
25021,VALASSIS COMMUNICATIONS INC,1
25056,TIME WARNER INC,SK
25119,MOHAWK INDUSTRIES INC,1
25119,MOHAWK INDUSTRIES INC,2
25119,MOHAWK INDUSTRIES INC,3
25157,FIRST DATA CORP,1
25157,FIRST DATA CORP,2
25157,FIRST DATA CORP,3
25180,AGCO CORP,1
25180,AGCO CORP,2
25279,BOSTON SCIENTIFIC CORP,1
25279,BOSTON SCIENTIFIC CORP,2
25279,BOSTON SCIENTIFIC CORP,3
25283,KOHL'S CORP,1
25338,BED BATH & BEYOND INC,1
25338,BED BATH & BEYOND INC,2
25338,BED BATH & BEYOND INC,3
25340,D R HORTON INC,1
25356,EXPRESS SCRIPTS HOLDING CO,1
25389,GRAPHIC PACKAGING HOLDING CO,NA
25405,GENERAL CABLE CORP/DE,NA
25422,ULTRAMAR DIAMOND SHAMROCK,1
25434,STARBUCKS CORP,1
25434,STARBUCKS CORP,2
25495,DYNEGY INC,1
25645,ALBERTSONS COS INC,NA
25880,PATTERSON COS INC,NA
25935,GULF RESOURCES INC,NA
26156,HEWLETT PACKARD ENTERPRISE,1
26590,FORTIVE CORP,NA
27032,NORRIS INDUSTRIES INC,1
27776,ROCKY BRANDS INC,1
27776,ROCKY BRANDS INC,2
27786,CHESAPEAKE ENERGY CORP,1
27786,CHESAPEAKE ENERGY CORP,2
27882,PRIMEDIA INC,1
27928,INTUIT INC,1
27980,JARDEN CORP,1
27980,JARDEN CORP,2
28139,SANMINA CORP,1
28180,O'REILLY AUTOMOTIVE INC,1
28180,O'REILLY AUTOMOTIVE INC,2
28194,AVIENT CORP,1
28195,JABIL INC,1
28195,JABIL INC,2
28195,JABIL INC,3
28256,XTO ENERGY INC,1
28320,CDW CORP,NA
28590,BRINKS CO,1
28590,BRINKS CO,2
28648,PETSMART INC,1
28701,RALSTON PURINA CO,1
28701,RALSTON PURINA CO,2
28719,CONDUENT INC,1
28742,BORGWARNER INC,1
28742,BORGWARNER INC,2
28762,SPARTANNASH CO,1
28787,PERFORMANCE FOOD GROUP CO,1
28877,KEURIG DR PEPPER INC,1
28924,BARNES & NOBLE INC,1
28924,BARNES & NOBLE INC,2
28924,BARNES & NOBLE INC,3
28930,MARRIOTT INTL INC,NA
28981,DETROIT DIESEL CORP,1
29001,OM GROUP INC,1
29028,COSTCO WHOLESALE CORP,1
29028,COSTCO WHOLESALE CORP,2
29028,COSTCO WHOLESALE CORP,3
29120,ALUMAX INC,1
29156,UFP INDUSTRIES INC,1
29156,UFP INDUSTRIES INC,2
29241,VIAVI SOLUTIONS INC,1
29241,VIAVI SOLUTIONS INC,2
29241,VIAVI SOLUTIONS INC,3
29318,AIRTOUCH COMMUNICATIONS-OLD,NA
29341,FOAMEX INTERNATIONAL INC,1
29353,SHAW GROUP INC,1
29392,EASTMAN CHEMICAL CO,1
29392,EASTMAN CHEMICAL CO,2
29392,EASTMAN CHEMICAL CO,3
29453,CHENIERE ENERGY INC,NA
29733,MARTIN MARIETTA MATERIALS,1
29733,MARTIN MARIETTA MATERIALS,2
29733,MARTIN MARIETTA MATERIALS,3
29736,TRACTOR SUPPLY CO,1
29755,BEAZER HOMES USA INC,1
29755,BEAZER HOMES USA INC,2
29830,WESTROCK CO,1
29830,WESTROCK CO,2
29830,WESTROCK CO,3
29846,PATHMARK STORES INC,1
29849,WESTERN ATLAS INC,1
29849,WESTERN ATLAS INC,2
29968,AK STEEL HOLDING CORP,1
29968,AK STEEL HOLDING CORP,2
30006,BRIGHTPOINT INC,1
30095,QUINTILES TRANSNATIONAL CORP,1
30098,INGERSOLL RAND INC,1
30383,CASE CORP,1
30617,BUDGET GROUP INC  -CL A,NA
30671,RELIANCE STEEL & ALUMINUM CO,1
30671,RELIANCE STEEL & ALUMINUM CO,2
30697,AFFILIATED COMPUTER SERVICES,1
30950,MEDIA GENERAL INC,1
30950,MEDIA GENERAL INC,2
30950,MEDIA GENERAL INC,3
31166,GUIDANT CORP,1
31392,PANTRY INC,SK
31453,INSIGHT ENTERPRISES INC,1
31549,CAREMARK RX INC,1
31587,DOLLAR TREE INC,1
31587,DOLLAR TREE INC,2
31590,RIVIANA FOODS INC,1
31673,AMERISOURCEBERGEN CORP,1
31673,AMERISOURCEBERGEN CORP,2
31846,DARDEN RESTAURANTS INC,1
31846,DARDEN RESTAURANTS INC,2
31846,DARDEN RESTAURANTS INC,3
31849,BORDERS GROUP INC,SK
32372,CONSOL ENERGY INC,NA
34443,DOW INC,1
34443,DOW INC,2
34443,DOW INC,3
34443,DOW INC,4
34443,DOW INC,5
34636,FOX CORP,1
34636,FOX CORP,2
34636,FOX CORP,3
35065,AVANTOR INC,NA
35168,CORTEVA INC,1
35978,ARCONIC CORP,SK
60894,CAMERON INTERNATIONAL CORP,1
60894,CAMERON INTERNATIONAL CORP,2
60900,DISH NETWORK CORP,1
60900,DISH NETWORK CORP,2
61247,HARBINGER CORP,1
61352,WYNDHAM INTERNATIONAL INC,1
61489,QWEST COMMUNICATION INTL INC,NA
61494,HENRY SCHEIN INC,1
61513,SANDISK CORP,1
61534,JACUZZI BRANDS INC,1
61552,LEXMARK INTL INC  -CL A,NA
61567,ESTEE LAUDER COMPANIES INC,1
61591,NETAPP INC,1
61775,HOST MARRIOTT SERVICES CORP,1
61795,ROADWAY CORP,1
62290,REVLON INC  -CL A,NA
62599,LUCENT TECHNOLOGIES INC,1
62599,LUCENT TECHNOLOGIES INC,2
62655,DEAN FOODS CO,1
62655,DEAN FOODS CO,2
62655,DEAN FOODS CO,3
62898,DAN RIVER INC  -CL A,NA
63000,RUSH ENTERPRISES INC,1
63079,STATER BROS HOLDINGS INC,NA
63111,RYERSON TULL INC-OLD,NA
63619,ALLEGIANCE CORP,1
63637,MILLENNIUM CHEMICALS INC,1
63754,GULFSTREAM AEROSPACE,1
63847,PENSKE AUTOMOTIVE GROUP INC,1
63892,NOV INC,1
63919,INGRAM MICRO INC,1
63919,INGRAM MICRO INC,2
63927,UNITED NATURAL FOODS INC,1
64030,STEEL DYNAMICS INC,1
64096,NEWPORT NEWS SHIPBUILDING,1
64166,QUEST DIAGNOSTICS INC,1
64175,LITHIA MOTORS INC  -CL A,NA
64302,INSPERITY INC,1
64389,SILGAN HOLDINGS INC,1
64410,CARMAX INC,1
64690,AUTOLIV INC,1
64690,AUTOLIV INC,2
64690,AUTOLIV INC,3
64690,AUTOLIV INC,4
64768,AMAZON.COM INC,1
64768,AMAZON.COM INC,2
64768,AMAZON.COM INC,3
64891,RALPH LAUREN CORP,1
65105,BJ'S WHOLESALE CLUB INC,1
65399,MERITOR INC,1
65417,YUM BRANDS INC,1
65417,YUM BRANDS INC,2
65417,YUM BRANDS INC,3
65459,SPECTRUM BRANDS HOLDINGS INC,1
65609,C H ROBINSON WORLDWIDE INC,1
65609,C H ROBINSON WORLDWIDE INC,2
65718,GROUP 1 AUTOMOTIVE INC,1
65795,ENCOMPASS SERVICES CORP,SK
65795,ENCOMPASS SERVICES CORP,1
65831,SONIC AUTOMOTIVE INC  -CL A,NA
65910,FREEPORT MCMORAN SULPHUR INC,SK
66016,INGREDION INC,1
66065,UNITED RENTALS INC,1
66290,STEELCASE INC,1
66446,QUANTA SERVICES INC,NA
66684,SODEXHO MARRIOTT SVCS INC,NA
66708,BROADCOM CORP,1
100080,BAYER AG,1
100080,BAYER AG,2
100080,BAYER AG,3
100080,BAYER AG,4
100080,BAYER AG,5
100080,BAYER AG,6
100080,BAYER AG,7
100080,BAYER AG,8
100080,BAYER AG,9
100080,BAYER AG,10
100080,BAYER AG,11
110685,L3 TECHNOLOGIES INC,1
111864,COGNIZANT TECH SOLUTIONS,NA
112876,ENTERPRISE PRODCT PARTNRS LP,NA
114303,CONOCO INC,1
114524,EBAY INC,1
114777,PENNZOIL-QUAKER STATE CO,NA
115016,AMERICAN STANDARD INC,1
117768,NVIDIA CORP,NA
117861,AMERICAN AXLE & MFG HOLDINGS,NA
118122,APTIV PLC,NA
119314,BOOKING HOLDINGS INC,1
119417,PEPSI BOTTLING GROUP INC,1
120444,WESCO INTL INC,NA
120877,REYNOLDS AMERICAN INC,1
122380,LENNOX INTERNATIONAL INC,1
126136,CHARTER COMMUNICATIONS INC,1
126296,EXPEDIA GROUP INC,1
126554,AGILENT TECHNOLOGIES INC,1
126554,AGILENT TECHNOLOGIES INC,2
126721,TELEDYNE TECHNOLOGIES INC,1
127194,CORE-MARK INTERNATIONAL INC,NA
127254,APPLERA CORP-CONSOLIDATED,NA
128978,PACKAGING CORP OF AMERICA,NA
134464,CHS INC,1
134932,ON SEMICONDUCTOR CORP,1
134932,ON SEMICONDUCTOR CORP,2
134932,ON SEMICONDUCTOR CORP,3
135484,FRONTIER COMMUNIC PARENT INC,NA
136648,VISTEON CORP,1
139662,AVAYA INC,1
140541,TAPESTRY INC,1
140760,MONSANTO CO,1
140760,MONSANTO CO,2
140760,MONSANTO CO,3
140902,NII HOLDINGS INC,1
141400,MASSEY ENERGY CO,1
142460,PEABODY ENERGY CORP,1
142460,PEABODY ENERGY CORP,2
142811,FMC TECHNOLOGIES INC,1
142811,FMC TECHNOLOGIES INC,2
142953,MONDELEZ INTERNATIONAL INC,1
144066,ROCKWELL COLLINS,1
144066,ROCKWELL COLLINS,2
144559,ZIMMER BIOMET HOLDINGS INC,NA
144640,ASBURY AUTOMOTIVE GROUP INC,1
145049,GAMESTOP CORP,1
145431,PREMCOR INC,1
145977,ADVANCE AUTO PARTS INC,1
146331,GOSS HOLDINGS INC,NA
147175,LORILLARD INC,1
147305,JETBLUE AIRWAYS CORP,1
147579,NETFLIX INC,SK
147988,AECOM,1
148276,LAND O'LAKES INC,1
148276,LAND O'LAKES INC,2
148350,TRAVELCENTERS OF AMERICA INC,NA
148356,VANGUARD HEALTH SYSTEMS INC,NA
148950,ENPRO INDUSTRIES INC,NA
150139,DICKS SPORTING GOODS INC,NA
153550,PETER KIEWIT SONS INC,NA
153668,VIRGIN MEDIA INC,NA
155394,LKQ CORP,NA
156155,TD SYNNEX CORPORATION,NA
157020,WHEELING PITTSBURGH CORP,NA
157074,CROSSTEX ENERGY INC,NA
157415,TRW AUTOMOTIVE HOLDINGS CORP,NA
157855,SALESFORCE INC,NA
157858,FREESCALE SEMICONDUCTOR INC,1
160256,METROPCS COMMUNICATIONS INC,1
160329,ALPHABET INC,1
160598,BEACON ROOFING SUPPLY INC,1
160684,WESTLAKE CORP,NA
160785,VIAD CORP,1
161813,BLUELINX HOLDINGS INC,1
161844,LAS VEGAS SANDS CORP,1
162129,MOSAIC CO,1
162129,MOSAIC CO,2
162129,MOSAIC CO,3
162129,MOSAIC CO,4
162254,CELANESE CORP,1
162401,HUNTSMAN CORP,1
162401,HUNTSMAN CORP,2
162448,ALPHA NATURAL RESOURCES INC,1
162876,CORE MARK HOLDING CO INC,1
163023,BOISE CASCADE HOLDINGS LLC,1
163023,BOISE CASCADE HOLDINGS LLC,2
163036,BUILDERS FIRSTSOURCE,NA
163946,CF INDUSTRIES HOLDINGS INC,1
163948,DRESSER-RAND GROUP INC,SK
163983,TREEHOUSE FOODS INC,NA
164271,AMC ENTERTAINMENT INC,1
164296,WARNER BROS DISCOVERY INC,1
164494,SPIRIT AEROSYSTEMS HOLDINGS,1
164506,ACCO BRANDS CORP,NA
165123,LEIDOS HOLDINGS INC,1
165123,LEIDOS HOLDINGS INC,2
165466,DCP MIDSTREAM LP,1
165652,WESTERN REFINING INC,1
165675,VIACOM INC,1
165702,SUSSER HOLDINGS CORP,NA
165746,LIVE NATION ENTERTAINMENT,1
165846,CALUMET SPECIALTY PRODS  -LP,NA
170527,POST HOLDINGS INC,1
170527,POST HOLDINGS INC,2
170617,META PLATFORMS INC,NA
170841,PHILLIPS 66,NA
174147,QURATE RETAIL INC,1
174310,KBR INC,NA
174490,WINDSTREAM HOLDINGS INC,NA
175319,HANESBRANDS INC,NA
176760,DOMTAR CORP,1
176760,DOMTAR CORP,2
176760,DOMTAR CORP,3
176760,DOMTAR CORP,4
176760,DOMTAR CORP,5
176760,DOMTAR CORP,6
176760,DOMTAR CORP,7
177827,CHRYSLER GROUP LLC,NA
178672,CVR ENERGY INC,NA
178704,ULTA BEAUTY INC,NA
179202,ECHOSTAR CORP,1
179534,VISA INC,1
179534,VISA INC,2
179534,VISA INC,3
179657,HILLENBRAND INC,1
180016,MRC GLOBAL INC,NA
180405,ACTIVISION BLIZZARD INC,1
180405,ACTIVISION BLIZZARD INC,2
180483,BERRY GLOBAL GROUP INC,1
180711,BROADCOM INC,1
180833,MEAD JOHNSON NUTRITION CO,1
183345,CH2M HILL COS LTD,NA
183920,AOL INC,1
184996,TESLA INC,NA
185881,BOOZ ALLEN HAMILTON HLDG CP,NA
186310,HUNTINGTON INGALLS IND INC,NA
186501,NGL ENERGY PARTNERS LP,NA
186858,ARAMARK,1
186858,ARAMARK,2
186989,MARATHON PETROLEUM CORP,NA
188255,FORTUNE BRANDS HOME & SECUR,NA
189490,EXELIS INC,NA
196159,PBF ENERGY INC,NA
260408,NORTEK INC,1
295786,CNH INDUSTRIAL NV,1
1121,ADAMS RESOURCES & ENERGY INC,2
1209,AIR PRODUCTS & CHEMICALS INC,4
1213,AIRBORNE INC,1
1240,ALBERTSON'S INC,1
1240,ALBERTSON'S INC,2
1300,HONEYWELL INTERNATIONAL INC,3
1356,ALCOA INC,2
1598,AMETEK INC,3
1380,HESS CORP,2
1598,AMETEK INC,1
1608,AMP INC,2
1608,AMP INC,3
1632,ANALOG DEVICES INC,3
1632,ANALOG DEVICES INC,4
1690,APPLE INC,4
1690,APPLE INC,5
1789,ASARCO INC,1
1794,ASHLAND INC,3
1920,AVON PRODUCTS,5
2086,BAXTER INTERNATIONAL INC,3
2136,VERIZON COMMUNICATIONS INC,2
2285,BOEING CO,2
2285,BOEING CO,TL
2285,BOEING CO,4
2285,BOEING CO,5
2403,BRISTOL-MYERS SQUIBB CO,1
2817,CATERPILLAR INC,1
2817,CATERPILLAR INC,2
2991,CHEVRON CORP,1
2285,BOEING CO,3
2316,HEXION INC,SK
2504,UNISYS CORP,1
1786,ARVIN INDUSTRIES INC,1
1786,ARVIN INDUSTRIES INC,2
1891,AUTOMATIC DATA PROCESSING,3
2597,CADBURY PLC,1
2597,CADBURY PLC,3
2597,CADBURY PLC,6
2663,CAMPBELL SOUP CO,2
3041,MILACRON INC,3
3121,CLOROX CO/DE,NA
3226,COMCAST CORP,2
3282,COMPAQ COMPUTER CORP,2
3821,DEAN FOODS CO  -OLD,1
3821,DEAN FOODS CO  -OLD,2
3821,DEAN FOODS CO  -OLD,3
3911,DEXTER CORP,1
3980,DISNEY (WALT) CO,5
1038,AMC ENTERTAINMENT INC -OLD,1
1038,AMC ENTERTAINMENT INC -OLD,2
1038,AMC ENTERTAINMENT INC -OLD,3
1121,ADAMS RESOURCES & ENERGY INC,SK
1297,ALLIED PRODUCTS,SK
1755,ARMCO INC,SK
1953,CERPLEX GROUP INC,1
2086,BAXTER INTERNATIONAL INC,SK
2239,BIRD CORP,1
2239,BIRD CORP,2
2239,BIRD CORP,3
2316,HEXION INC,1
2316,HEXION INC,2
2316,HEXION INC,3
2710,CONSTELLATION BRANDS,SK
1013,ADC TELECOMMUNICATIONS INC,SK
1608,AMP INC,SK
1976,BAKER HUGHES INC,1
2504,UNISYS CORP,SK
2710,CONSTELLATION BRANDS,1
2710,CONSTELLATION BRANDS,2
1013,ADC TELECOMMUNICATIONS INC,SK
1613,AMPCO-PITTSBURGH CORP,SK
3105,IHEARTMEDIA INC,1
3105,IHEARTMEDIA INC,2
3580,CRANE HOLDINGS CO,1
3851,DELTA AIR LINES INC,SK
4060,DUPONT DE NEMOURS INC,1
4061,DOW CORNING CORP,1
4087,DU PONT (E I) DE NEMOURS,3
4087,DU PONT (E I) DE NEMOURS,4
4087,DU PONT (E I) DE NEMOURS,5
4087,DU PONT (E I) DE NEMOURS,6
4087,DU PONT (E I) DE NEMOURS,7
4087,DU PONT (E I) DE NEMOURS,8
4087,DU PONT (E I) DE NEMOURS,9
